X1,X2,Y
16.24,7350.656224,1
-6.12,1013.093472,1
-5.28,-2299.159552,0
-10.73,-3920.953117,0
8.65,-9404.042875,0
-23.02,-8600.137208,0
17.45,4138.981125,1
,656.501019,1
3.19,2963.197859,1
-2.49,-3812.738149,0
14.62,8734.287528,1
-20.6,-7356.506,0
-3.22,7804.742152,1
-3.84,1010.972496,1
11.34,3358.329704,1
-11,-2358.89,0
-1.72,7798.219952,1
-8.78,-10874.98775,0
0.42,-2182.489512,0
5.83,-1268.295813,0
-11.01,-8468.523201,0
11.45,-2320.833875,0
9.02,-9708.358792,0
5.02,1166.666408,1
9.01,-6066.517199,0
-6.84,1584.232096,1
-1.23,-972.487967,0
-9.36,-4586.346256,0
-2.68,-7693.656432,0
5.3,-3126.973,0
-6.92,1429.712512,1
-3.97,-676.019873,0
-6.87,,1
-8.45,-4274.048625,0
-6.71,7833.172389,1
-0.13,-1039.885297,0
-11.17,-5023.049713,0
2.34,6993.428504,1
16.6,11739.286,1
7.42,345.144888,0
-1.92,-1984.821488,0
-8.88,4173.117328,1
-7.47,-4337.181823,0
16.92,9861.132288,1
0.51,-6785.997249,0
-6.37,-589.237953,0
1.91,322.305971,0
21,16060.5,1
1.2,-8965.732,0
6.17,1569.304013,1
3,-561.55,0
-3.52,320.796192,0
-11.43,-5325.586307,0
-3.49,-6287.288449,0
-2.09,-2098.541229,0
5.87,-723.731097,0
8.39,8547.291819,1
9.31,1831.850591,1
2.86,222.053256,0
8.85,4550.056625,1
-7.54,-7936.619464,0
12.53,5901.582177,1
5.13,4955.332597,1
-2.98,4724.156808,1
4.89,-1110.237731,0
-0.76,-5900.871376,0
11.32,-2887.605632,0
15.2,5339.318,1
21.86,14094.55046,1
-13.96,3846.124464,1
-14.44,5156.307216,1
-5.04,4275.577536,1
1.6,631.896,1
8.76,2541.318976,1
3.16,-1080.859904,0
-20.22,-2201.946248,0
-3.06,3212.010984,1
8.28,1880.801952,1
2.3,-6152.243,0
7.62,6150.445128,1
-2.22,-7253.662648,0
-2.01,6583.819499,1
1.87,5053.056103,1
4.1,-7674.509,0
1.98,-105.657208,0
1.19,-5956.678741,0
-6.71,-536.897611,0
3.78,3323.928552,1
1.22,-526.665752,0
11.29,-5059.516211,0
11.99,3304.573699,1
1.85,1641.044125,1
-3.75,-27.591875,0
-6.39,-5437.165019,0
4.23,-1570.100133,0
0.77,1641.459433,1
-3.44,-802.563984,0
0.44,10890.82878,1
-6.2,1123.312,1
6.98,,0
-4.47,2804.186277,1
12.25,-3263.581875,0
4.03,2205.501727,1
5.94,8413.778184,1
-10.95,-5545.839875,0
1.69,1645.552909,1
7.41,4598.757121,1
-9.54,-9184.519064,0
-2.66,8296.034504,1
0.33,-4915.515163,0
-13.73,-3664.769217,0
3.15,2096.688375,1
8.46,-4.482664,0
-8.6,3867.984,1
3.51,956.703651,1
-13.12,1168.371072,1
-0.39,635.572781,1
-16.16,3512.882704,1
11.21,-8479.921339,0
4.09,2034.706029,1
-0.25,-1127.283125,0
-7.75,-4793.331875,0
12.74,-1470.203576,0
19.67,5241.176963,1
-18.58,-3072.434312,0
12.36,-2149.288144,0
16.28,4246.223552,1
3.38,1785.658872,1
-11.99,-7212.873499,0
8.63,6413.582547,1
-1.81,12575.48636,1
-6.04,-3216.997264,0
-12.3,3296.363,1
5.51,-1302.245749,0
7.93,3491.332157,1
-6.24,-881.803024,0
5.21,11246.08486,1
-11.44,-2601.420384,0
8.02,4949.840008,1
0.47,3223.624723,1
-1.87,-5023.712303,0
-1.02,-10542.39081,0
8.69,3807.881009,1
7.5,4960.215,1
5.29,-2076.220011,0
1.38,-3033.957528,0
0.78,4889.882952,1
6.18,4612.571432,1
2.32,4890.569568,1
6.83,1702.100887,1
-3.1,-3776.661,0
-24.35,-19922.96038,0
10.39,-8616.715581,0
21.87,10832.1101,1
4.41,10097.46422,1
-1,2467.47,1
-1.36,-385.725856,0
-1.19,-7404.189059,0
0.17,-3120.446187,0
-11.22,-813.109448,0
-5.17,-1183.729513,0
-9.97,3681.103927,1
2.49,-515.901651,0
-2.97,3891.182827,1
4.95,-306.350125,0
-1.75,-825.886875,0
9.86,7729.334856,1
2.14,-3376.370056,0
21.91,9707.551971,1
-18.96,-12701.93954,0
-6.47,615.250877,1
9.01,6253.132801,1
25.28,20629.27035,1
-2.49,3816.331851,1
0.44,5715.928784,1
-2.26,3415.394424,1
13.31,6796.713791,1
-2.87,2032.346997,1
6.8,-4168.468,0
-3.2,2865.752,1
-12.73,2987.819483,1
3.14,-4153.591256,0
5.03,1481.544427,1
12.93,7838.885657,1
-1.1,-1617.601,0
-6.17,-6340.516213,0
5.63,810.450447,1
2.41,8378.645621,1
2.81,-4439.835859,0
-0.73,-198.536117,0
11.6,-1676.094,0
3.69,-1311.290491,0
19.05,8599.105125,1
11.11,9161.942731,1
6.59,-3080.010721,0
-16.27,-7530.705983,0
6.02,-3801.082392,0
4.2,-5257.022,0
8.11,-6863.206169,0
10.44,-2610.983216,0
-4.01,-219.481101,0
8.24,1338.943824,1
-5.62,5823.710072,1
19.55,4231.811375,1
-13.32,-6059.853968,0
-17.61,-8506.761981,0
-16.51,-3037.497351,0
-8.91,-1206.229871,0
-11.19,2881.897941,1
19.56,4070.984416,1
-3.26,4975.011624,1
-13.43,2732.204293,1
11.14,488.369144,1
-5.87,-3119.365103,0
-12.37,-695.322153,0
8.76,-2830.951024,0
6.23,10437.86727,1
-4.35,739.699625,1
14.08,7436.835712,1
1.29,-5990.439211,0
16.17,-3990.198987,0
5.03,3742.924427,1
15.59,7020.187979,1
1.09,-3357.446871,0
-12.2,-4318.088,0
24.49,12260.65495,1
-5.46,1453.710264,1
-1.99,4894.349501,1
-7,-7547.3,0
-2.03,2603.455473,1
2.43,-4148.156193,0
2.02,-2414.317192,0
6.61,-116.073119,0
17.92,-469.638512,0
-1.2,14520.202,1
-12.33,10718.07256,1
-11.82,2360.841832,1
-6.66,3242.367304,1
-16.74,-9276.572424,0
8.25,12995.56813,1
-4.98,400.904408,0
-3.11,-464.498131,0
-0.02,6081.950392,1
-13.97,-1163.206873,0
-8.61,-4430.775281,0
6.75,-565.750625,0
6.19,-1512.747241,0
-4.43,681.536593,1
18.11,9331.946831,1
-13.06,742.732984,1
-3.45,6633.398875,1
-2.31,61.179709,0
-27.93,-16226.27636,0
19.38,16301.10007,1
3.66,-5873.026504,0
-10.45,2979.436375,1
20.51,3862.248751,1
5.86,-7082.950344,0
4.3,8484.607,1
-6.07,5606.546357,1
1.06,2667.234616,1
-15.26,-5426.611976,0
7.95,8533.422375,1
-3.74,-6414.906024,0
1.34,840.501704,1
12.02,4533.044808,1
2.85,6714.751625,1
2.62,-7175.670872,0
2.76,-15099.30782,0
-7.33,725.416063,1
8.36,2716.666656,1
15.43,5051.564907,1
7.59,-3442.786421,0
8.85,712.526625,1
-8.77,-8026.783233,0
-8.68,1669.660368,1
-14.41,1857.968979,1
12.32,-1576.098432,0
-2.54,-9940.185464,0
14,2338.09,1
-7.82,-1389.379368,0
-4.38,-330.253272,0
0.95,6835.589875,1
9.21,1703.244061,1
0.61,10599.81908,1
2.11,1961.676031,1
0.17,-5058.966187,0
1.77,6141.518133,1
-11.16,-1572.263296,0
0.81,-2012.852459,0
-1.87,1862.097697,1
-0.57,942.489707,1
4.92,-7220.748112,0
-6.81,-4445.845141,0
-0.85,5911.288375,1
-2.97,1232.292827,1
4.17,3317.000613,1
7.85,5681.969125,1
-9.55,8220.738625,1
5.86,-2903.050344,0
20.66,5948.939096,1
-14.71,-7112.886011,0
-8.3,-3111.447,0
-8.81,-4805.921741,0
-2.79,87.276461,0
16.23,4060.674267,1
0.13,3112.339097,1
-6.95,-6114.609875,0
6.22,-2769.569752,0
-6,1908.31,1
11.23,5077.830767,1
3.05,-11480.36488,0
13.89,12.298969,0
-6.61,-1347.822681,0
30.31,18910.91489,1
8.25,3184.328125,1
6.55,6737.103875,1
-0.51,-9599.882551,0
-7.26,-8131.849576,0
-8.68,4272.600368,1
-1.36,6019.674144,1
-7.97,-6552.590673,0
2.83,-4550.595913,0
-8.26,3186.497624,1
6.21,-443.862839,0
9.56,-1557.903584,0
-7.06,7962.577784,1
11.93,3839.190957,1
-2.38,-9072.436872,0
11.55,2967.321375,1
4.38,-6421.697928,0
11.22,5615.856248,1
-9.97,4131.373927,1
-1.07,2623.659857,1
14.51,8088.086951,1
-6.18,9670.383368,1
-20.37,-4047.297753,0
-19.43,-8770.013907,0
-25.06,-20429.34662,0
-21.14,-7792.447944,0
-4.12,-5208.270128,0
12.79,-4559.115261,0
-4.42,-2016.484488,0
3.24,-8524.840176,0
-1.1,-6145.591,0
0.09,2947.878829,1
-1.68,-2297.879232,0
-1.74,-1345.150424,0
4.61,387.254281,0
-11.76,-11247.80218,0
10.1,2219.531,1
9.2,1014.378,1
-1.95,-201.592375,0
8.05,2338.742625,1
-7.01,-10680.982,0
-5.37,9526.762747,1
1.56,-1369.969984,0
-1.9,-6952.219,0
-4.49,874.801251,1
-6.72,-6603.866048,0
-5.57,597.606207,1
9.39,3769.508119,1
-19.43,-13463.69391,0
3.52,4315.654608,1
-2.36,687.525344,1
7.28,2251.526752,1
5.15,2556.603375,1
-27.83,-17946.73379,0
5.85,6031.084125,1
3.24,4713.019824,1
0.22,2479.829048,1
-4.69,-3802.555609,0
8.53,2267.601377,1
-4.13,-2440.688097,0
18.35,-219.829625,0
5.64,202.975744,0
21.38,5813.326472,1
-7.86,5395.041944,1
-17.56,-5154.445616,0
7.15,1121.108375,1
8.53,4759.971377,1
0.35,-1929.104625,0
-15.39,-4531.661719,0
-4.48,5922.035008,1
6.18,-6195.988568,0
-1.84,-4031.463904,0
-1.16,-321.845296,0
-1.75,4055.903125,1
-9.34,877.075096,1
-5.33,-5634.920537,0
-14.27,-6955.348583,0
17.68,14443.01923,1
-4.75,1789.990625,1
4.78,-2669.366248,0
-10.22,-2977.624248,0
7.95,19687.85238,1
-18.73,739.717283,1
9.21,-7287.105939,0
-0.35,-2232.140375,0
21.11,13659.14573,1
-13.07,-3164.336543,0
0.76,6146.046576,1
3.67,9011.819763,1
12.33,2548.675237,1
-4.23,1756.675933,1
0.86,-574.074344,0
-21.42,-4540.450888,0
-8.3,7447.433,1
4.52,4970.275808,1
11.04,-3556.395536,0
-2.82,4103.526632,1
20.56,6680.495216,1
17.6,14809.946,1
-0.61,2386.955119,1
-24.14,-7890.094344,0
-17.78,-5352.714552,0
-7.78,-97.852552,0
11.16,3804.524496,1
3.1,307.491,0
-20.94,-551.732984,0
-2.29,-5577.034889,0
16.13,7957.040297,1
-3.75,-2909.721875,0
-7.5,4159.105,1
20.55,523.588875,1
0.53,6906.589777,1
-4.79,-1443.588139,0
3.5,-5752.745,0
0.17,3881.623813,1
-4.29,-939.719489,0
12.08,3633.487312,1
11.16,7705.174496,1
8.41,-4491.988579,0
-1.03,-3386.951827,0
11.47,2461.074423,1
-0.5,2852.205,1
4.67,-3127.743537,0
10.34,-2724.967096,0
8.09,4676.693229,1
17.9,11130.839,1
4.51,7475.953951,1
-16.84,-5972.515904,0
-11.6,-14321.106,0
13.5,5446.075,1
-3.31,4240.041409,1
3.87,-7006.312497,0
-8.51,367.515049,0
10.01,2681.753101,1
-3.85,1759.675875,1
14.58,1397.050312,1
-5.32,685.583632,1
11.18,4798.557432,1
6.74,-8397.520376,0
-7.22,4518.951352,1
10.99,-142.036601,0
-9.02,3337.979592,1
-8.22,-3574.163848,0
7.22,-7836.104552,0
-6.25,5989.361875,1
-5.94,8489.439016,1
-3.44,-8887.963984,0
-10,-6969.38,0
10.45,2037.688625,1
6.09,-4572.755371,0
-0.69,3955.717591,1
-1.08,-3919.493312,0
4.5,-2461.025,0
17.65,7050.714625,1
8.71,-10126.77959,0
-5.08,-1512.980112,0
7.77,10930.48033,1
-1.19,3360.960941,1
-1.99,-4642.460499,0
18.66,12256.2655,1
-4.19,10645.73604,1
-4.79,6690.591861,1
-19.52,-9592.253008,0
-14.02,-5449.216408,0
4.51,-1252.796049,0
-6.95,-5465.619875,0
5.15,645.343375,1
-11.15,-5937.473375,0
-7.67,-4479.258763,0
6.75,2375.949375,1
14.61,1026.487281,1
5.92,-763.478912,0
11.98,12822.76479,1
17.05,7221.330125,1
10.4,7686.044,1
-9.18,1936.061768,1
-1.05,3084.794875,1
6.3,-6208.843,0
-4.15,-2609.260875,0
4.52,-1047.974192,0
-15.79,-5833.423439,0
-8.29,-1322.828689,0
5.29,1134.819989,1
-22.37,-11712.33915,0
-11.08,2589.394688,1
-0.18,-791.143432,0
-17.19,710.488141,1
0.57,67.600093,0
-8,-3218.38,0
-2.92,-6114.240688,0
-2.59,-3535.175879,0
1.89,-1011.336631,0
-5.64,6028.063456,1
0.9,-6011.931,0
-6.01,5478.788299,1
5.56,240.533216,0
16.94,1369.836984,1
1.97,-6534.963727,0
1.7,3147.483,1
-11.64,-10900.40934,0
6.93,-1829.792543,0
-7.58,-2476.453112,0
-8.09,-1012.747029,0
5.57,3218.323593,1
1.81,-2804.184159,0
11.07,2583.896943,1
14.43,-2575.889793,0
-5.4,363.756,1
1.28,3089.795552,1
17.6,4415.676,1
9.67,3165.739963,1
7.13,1102.593997,1
13.06,798.734216,1
-6.05,-272.982625,0
6.37,-224.678247,0
14.09,-6396.360971,0
16.21,-2529.429839,0
-8.06,1928.556984,1
-2.52,-10337.91261,0
3.83,5996.590787,1
-2.89,-6727.535469,0
-3.92,534.840112,0
6.84,2971.319104,1
-3.53,-2756.736077,0
-17.88,675.618528,1
3.62,-6362.107672,0
-4.24,4684.342576,1
-7.32,870.819232,1
-15.66,-4044.743896,0
10.14,6485.030344,1
-22.27,-7839.918183,0
-16.99,-10303.055,0
-2.76,7215.883024,1
12.29,7048.646089,1
13.1,3070.841,1
-11.55,-664.506375,0
-1.78,6920.928648,1
-15.1,5475.819,1
10.11,4522.976431,1
-14.77,-8742.845433,0
-1.43,689.940693,1
10.33,5358.441837,1
-2.22,-3733.722648,0
14.7,-2277.017,0
-8.7,-429.623,0
3.69,828.369509,1
8.53,2806.091377,1
-1.4,6525.316,1
13.86,-8040.669944,0
5.48,1140.386992,1
-16.37,-4820.564953,0
39.59,63743.81118,1
6.49,1182.139549,1
1.07,5430.189943,1
-13.99,562.265901,1
0.82,-181.456232,0
-4.6,369.814,1
6.44,970.793584,1
3.72,-537.792752,0
18.53,13513.43838,1
1.42,-9135.890312,0
5.14,-6602.123656,0
3.72,8091.217248,1
-1.48,3154.738608,1
-1.83,3479.600413,1
11.01,7468.793401,1
7.8,-9064.588,0
-6.29,7091.095911,1
-11.13,-7042.322997,0
-0.67,-4692.211863,0
11.61,7146.548381,1
-0.28,-5458.803552,0
17.46,8709.630536,1
-7.75,7083.478125,1
1.42,-3017.670312,0
-25.16,-17872.4585,0
-5.96,3471.992864,1
-3.09,4637.564471,1
5.11,2175.284931,1
17.11,-2087.989469,0
0.35,8263.535375,1
14.54,6669.346264,1
6.62,-11019.75807,0
9.86,-3387.275144,0
-4.66,-5064.309096,0
13.85,-799.075875,0
-10.73,461.286883,1
4.95,-3131.420125,0
-9.52,5615.048992,1
,5854.350568,1
-14.61,-2365.443081,0
-5.16,-4925.052496,0
3.51,558.003651,0
-0.69,2213.257591,1
-13.48,3772.064208,1
14.71,1478.634211,1
3.37,629.609653,1
10.08,-3601.821088,0
7.85,-1294.700875,0
-6.65,5745.182875,1
-19.45,1080.888875,1
-9.15,-2000.358375,0
12.25,924.888125,1
-10.54,-4582.663864,0
8.16,-6876.905904,0
-6.12,1953.913472,1
3.93,2709.523357,1
-18.24,-2422.706624,0
11.67,2093.843363,1
-0.4,2997.756,1
8.86,1744.776056,1
1.9,6615.669,1
7.98,2738.709992,1
-1.02,7605.639192,1
7.43,6145.617307,1
-15.1,-1092.961,0
-10.81,-6947.668341,0
7.25,3291.250625,1
-0.39,1898.512781,1
-2.29,10012.04511,1
-1.8,3886.318,1
5.02,-5131.633592,0
-5.93,-3947.612957,0
5.1,5274.441,1
-9.16,-1256.389696,0
-4.07,-6028.374243,0
9.85,3616.354125,1
10.71,4205.145011,1
-10.97,-1408.478773,0
8.39,5178.351819,1
-10.39,-1512.230219,0
7.33,10149.97174,1
-18.99,-11523.0956,0
-11.17,3608.540287,1
-5.09,4953.875871,1
-1.66,6502.851304,1
14.24,2852.300624,1
9.04,-984.445136,0
15.75,13122.17688,1
12.07,5115.021643,1
-2.83,-2570.166287,0
-2.66,4330.354504,1
10.69,9689.987609,1
0.4,3771.534,1
-1.57,-3222.874993,0
-13.35,2953.722125,1
-1.06,-7506.797416,0
-27.91,-17056.84157,0
-4.56,5194.054784,1
-9.8,-1649.792,0
6.93,2061.397457,1
-4.79,993.651861,1
-3.29,-2637.057189,0
13.47,-1189.080177,0
-10.49,-2377.180549,0
3.17,-2677.986087,0
-18.95,1428.360125,1
0.9,-6629.921,0
4.1,9401.891,1
8.6,-328.434,0
-8.99,-4107.932599,0
3.2,-2610.022,0
3.18,-4704.360168,0
-0.19,-10090.00076,0
1.5,4475.075,1
4.64,-355.173056,0
3.98,-3793.384808,0
-9.96,-6996.966336,0
-11.96,-3976.845936,0
25.06,10603.33382,1
19.2,14115.588,1
-13.92,-11613.77189,0
4.5,-4253.185,0
6.27,-3958.035217,0
7.51,3143.364851,1
1.4,1386.974,1
-9.27,-950.905083,0
-1.82,-478.656168,0
-4.91,1979.187329,1
1.34,-3946.648296,0
-2.68,2642.573568,1
-1.32,-6417.687568,0
10.19,4048.645959,1
12.31,-373.034509,0
-11.81,4402.343359,1
-4.6,-6053.526,0
-7.91,-2252.775571,0
12.24,-1666.704976,0
-0.59,4834.642721,1
14.49,-3479.698051,0
-4.78,4441.593048,1
0.26,2361.435176,1
-13.49,847.448551,1
13.03,-741.743973,0
-3.63,2346.414753,1
-14.85,5801.523375,1
-5.92,-3270.888288,0
-23.05,-10016.32013,0
-0.32,-1100.660368,0
1.12,-5232.950672,0
2.88,-4027.077728,0
14.98,6282.148392,1
-3.01,-225.130801,0
8.07,-11348.84716,0
3.12,2836.665728,1
-1.93,-1155.344157,0
-20.77,-3935.667633,0
9.48,-2211.848208,0
-5.04,11663.97754,1
0.18,-4655.531768,0
-12.7,2348.337,1
2.83,-5180.795913,0
1.08,1006.286112,1
0.29,-5405.151511,0
-1.35,6687.252125,1
10.49,1270.330749,1
9.66,8503.254296,1
7.26,404.194776,0
33.21,29946.76926,1
-6,-4105.59,0
-3.8,-1845.072,0
-10.15,6226.694125,1
4.36,14178.56146,1
-6.87,-813.705803,0
-26.98,-16977.27199,0
-12.13,4915.796303,1
0.72,-5579.928352,0
10.1,-417.609,0
-15.57,296.259207,0
-6.12,1972.783472,1
-1.39,-165.753519,0
-7.29,-5163.566389,0
5.31,989.177391,1
0.04,3724.431664,1
3.21,-3307.509739,0
-7.25,478.624375,0
15.37,14489.26805,1
0,2568.68,1
12.94,5346.723784,1
-4.39,-4969.662419,0
5.9,-2401.291,0
-6.79,-1638.062739,0
-9.51,-4486.545251,0
-7.04,-5885.892064,0
-0.46,-7431.215736,0
-2.19,-1036.297359,0
15.39,8135.485919,1
-11.49,1913.519151,1
-10.9,2451.291,1
17,9946.43,1
6.09,-3659.075371,0
-18.81,-9732.624741,0
4.97,-689.495627,0
2.37,-4355.991047,0
-21.44,-8093.808384,0
-3.7,-2889.443,0
-0.17,5693.613987,1
7.31,-3680.896009,0
9.54,3915.512264,1
0.96,8642.566336,1
10.33,-4368.788163,0
-1.46,-2539.060536,0
-8.57,-3949.337893,0
-9.34,-5736.254904,0
5.43,1771.457907,1
-19.58,-4602.113512,0
6.78,-2926.625848,0
-11.07,-3391.507143,0
-3.59,1600.079821,1
5.05,2139.150125,1
12.18,-3490.395368,0
-19.41,4886.827479,1
-8.06,-1192.913016,0
0.49,900.447749,1
-5.96,-3013.497136,0
8.62,-511.051672,0
-20.86,-13097.17246,0
3.62,8224.352328,1
4.26,-8693.223624,0
0.49,-626.902251,0
11.02,4966.303608,1
-12.3,-9325.947,0
11.09,4119.096129,1
-7.03,6663.491973,1
7.26,2049.474776,1
-3.24,251.285376,0
8.14,448.702744,1
7.8,-371.308,0
-14.64,456.794256,0
-1.54,-3933.450664,0
-0.92,1708.217712,1
-2.38,-1516.826872,0
-7.56,-2855.597616,0
18.51,1140.148151,1
2.09,3755.227429,1
15.55,1491.151375,1
-5.69,5459.066091,1
-10.62,-973.835928,0
1.32,103.902368,0
-5.63,-5327.746647,0
23.9,9701.449,1
2.45,3173.148625,1
11.53,1613.339477,1
-2.24,773.248176,1
-3.26,3420.791624,1
-0.31,2917.976309,1
3.56,-1476.808384,0
8.5,15527.805,1
-1.22,15987.69255,1
-6.81,2334.314859,1
-10.68,-7826.774032,0
-0.77,-4070.683633,0
5.73,3366.395417,1
4.58,-2628.401688,0
-0.18,-120.663432,0
-6,-10081.73,0
1.47,2369.717423,1
5.72,6717.797648,1
-0.37,-6020.153753,0
1.12,-1619.720672,0
-1.51,-1324.772851,0
9.15,-11148.54662,0
-4.38,-2041.473272,0
1.86,-2346.065544,0
3.94,-6723.153416,0
7.26,-3707.075224,0
14.96,5304.103536,1
6.75,2387.809375,1
5.99,2242.131899,1
-14.7,-5528.893,0
6.06,-3853.191384,0
22.94,13703.15178,1
-8.3,-2193.907,0
-10.2,4388.722,1
-2.15,5940.074125,1
10.21,-761.283639,0
5.25,-7844.914375,0
-4.77,869.251567,1
-0.36,-2966.757056,0
10.37,5425.554553,1
6.73,4211.344117,1
24.29,10067.44369,1
10.06,6679.521816,1
3.54,7444.823464,1
6.15,2223.700875,1
-3.49,3457.911551,1
-9.78,-3017.212952,0
1.72,-4039.033152,0
4.91,6767.818871,1
-13.95,-1177.502375,0
-5.22,-191.588248,0
-3.69,48.052691,0
2.66,4035.366696,1
-2.6,-727.676,0
4.45,-2307.766375,0
0.98,-1382.838408,0
10.6,634.486,1
-17.11,-6750.706331,0
16.57,5551.085293,1
14.18,794.469032,1
0.5,-2213.765,0
6.5,10312.075,1
6.07,360.863443,1
-7.37,8437.561347,1
1.65,-4846.955375,0
7.78,4614.299352,1
3.1,363.091,0
10.51,9827.955751,1
0.95,-2136.220125,0
0.81,8983.607541,1
-7.68,-2979.912432,0
-3.65,137.185375,0
-4.6,-5639.206,0
17.05,5291.470125,1
2.41,-671.904379,0
-9.99,-6098.122899,0
3.99,-8742.548701,0
-1.92,4944.718512,1
-30.54,-25068.55986,0
4.8,-2870.258,0
-15.53,-4034.858477,0
5.78,-3191.731048,0
-9.61,-1410.131581,0
-14.58,-1228.157512,0
4.94,2215.477384,1
-14.94,-5526.278184,0
-4.47,-978.823723,0
2.04,2806.271264,1
6.12,-2998.834672,0
7.45,-2169.343875,0
-0.36,553.972944,1
-8.32,2420.782032,1
19.24,5418.884624,1
-6.06,3990.768584,1
18.04,6081.128064,1
-4.53,-3342.678777,0
11.61,2435.418381,1
10.7,-5829.217,0
-10.46,-10173.99374,0
3.55,2193.021375,1
7.55,-8105.698625,0
7.01,-3469.117799,0
-1.99,5195.439501,1
3.02,1741.154008,1
-3.95,-3862.807375,0
-11.72,-1431.152048,0
9.84,-6045.050496,0
-5.6,-5592.806,0
13.8,2088.222,1
6.02,3659.677608,1
-8.93,-763.957057,0
-1.61,-132.661181,0
-2.86,-3080.794056,0
-8.71,46.967789,0
5.01,4265.951601,1
-4.79,5779.991861,1
16.32,6750.240368,1
8.61,1619.909481,1
-8.8,1489.028,1
-0.19,2753.639241,1
-2.27,-2143.694183,0
-15.65,-5226.324625,0
9.31,-2376.279409,0
9.5,-2115.875,0
9.26,10377.18038,1
-4.57,3973.560907,1
10.69,-2064.122391,0
-2.1,495.629,1
9.35,2940.622875,1
18.13,6012.311697,1
1.4,-4594.666,0
-14.19,4572.563041,1
-3.17,-5883.096113,0
6.41,5050.572821,1
12.2,2464.068,1
-11.34,-5108.378504,0
-1.91,-737.749771,0
2.33,-9033.091763,0
4.35,1734.445375,1
9.1,4585.801,1
-9.48,-3123.880992,0
-4.23,1905.265933,1
10.08,-11106.59109,0
3.92,-2572.457312,0
4.48,-6092.544208,0
11.25,6670.100625,1
1.04,1396.816464,1
5.28,241.166352,0
-3.15,-950.623375,0
-13.45,-3106.126125,0
-12.95,2174.315125,1
0.74,-4987.067176,0
-2,4901.27,1
-6.55,3271.281125,1
3.18,5690.219832,1
-8.9,-1912.339,0
1.11,5854.139731,1
-0.2,5368.762,1
-8.4,1730.446,1
-22.98,-5933.837192,0
14.57,1211.335893,1
3.17,-130.666087,0
-26.64,-11200.08134,0
-4.26,10343.52882,1
3.94,-8126.543416,0
-2.28,4926.286048,1
5.8,-5950.028,0
-9.73,408.235583,1
1.75,-2654.318125,0
-0.53,1254.052023,1
-1.83,-1451.799587,0
-2.21,2269.250239,1
2,3306.72,1
9.33,-368.234863,0
-5.3,3665.733,1
-4.07,-1052.804243,0
1.61,3544.475381,1
-1.2,6170.782,1
3.86,1253.702056,1
7.18,1857.438632,1
12.91,-6327.346729,0
-1.16,-3772.825296,0
-22.77,-14029.20503,0
-0.7,-750.853,0
3.54,-6698.676536,0
-1.87,-6023.242303,0
-1.53,-153.300677,0
-24.33,-12486.36784,0
5.08,5483.962912,1
-3.24,7414.025376,1
-15.11,-472.303731,0
-8.71,-2376.282211,0
-8.65,3136.557875,1
6.09,-3403.685371,0
5.62,1337.798728,1
15.15,12798.81837,1
6.48,7738.438192,1
-13.52,-3321.985808,0
-14.09,2244.997171,1
11.31,56.367191,0
15.67,1082.440163,1
-2.38,-7977.886872,0
5.59,3351.964979,1
-15.05,-1665.710125,0
-19.44,-1929.696784,0
-11.74,2741.601576,1
-3.57,-1389.924393,0
-5.21,4368.023339,1
-2.3,9459.473,1
-4.91,11436.24733,1
6.79,4486.220939,1
14.28,4691.533152,1
0.36,2237.856256,1
20.3,9439.767,1
-6.34,-2963.824504,0
-5.25,8049.069375,1
3.88,4005.875472,1
-3.55,753.793625,1
11.77,9311.935133,1
-6.41,4322.963379,1
13.23,-3760.441833,0
1.94,6452.194984,1
25.65,15514.12462,1
-4.64,-6532.917744,0
-2.03,1926.025473,1
1.46,-1058.276264,0
-21.81,-13241.98964,0
6.02,8595.167608,1
4.81,571.840741,1
1.09,-12.546871,0
-15.44,-4404.673584,0
-15.47,-5102.353423,0
5.87,1257.488903,1
11.75,276.326875,1
15.94,20934.83618,1
-8.95,-5598.644875,0
-10.31,-336.706691,0
-2.72,-2157.815248,0
-19.76,-10630.44458,0
-5.89,-3034.224369,0
8.52,1004.860608,1
16.35,9491.365375,1
2.79,6296.821739,1
16.41,8412.925821,1
4.11,-1733.981369,0
1.91,9827.215971,1
-1.71,8918.883889,1
1.87,8870.696103,1
-2.55,-2040.898875,0
-1.41,3533.944879,1
-6.62,3464.356872,1
2.59,3279.332079,1
0.14,2868.932344,1
-14.8,113.558,0
-2.41,-1092.759421,0
-8.56,5649.081584,1
-20.48,-1085.654192,0
4.84,3459.065504,1
15.59,4521.247979,1
23.7,16229.533,1
15.62,10326.93073,1
-8.71,-1199.032211,0
11.75,5746.226875,1
11.2,-1799.682,0
-19.88,-5420.447872,0
8.61,-5476.290519,0
6.27,-4926.495217,0
1.63,10834.02765,1
2.89,1153.609669,1
0.58,5813.681512,1
16.32,-8648.839632,0
-4.02,-1228.314408,0
-2,-718.92,0
0.07,-2601.114757,0
2.76,1129.682176,1
-17.63,-9317.245047,0
13.88,9628.887472,1
2.26,3567.570776,1
5.69,-5122.493891,0
1.97,2674.766273,1
-1.86,2066.764744,1
-3.55,8456.723625,1
0.96,5453.106336,1
1.52,-5134.257792,0
11.55,-2117.128625,0
3.46,5397.033336,1
-1.33,-6510.483737,0
19.87,11344.2087,1
-12.79,-5032.186539,0
-13.4,571.786,1
3.55,3002.211375,1
-2.12,2092.516272,1
-17.75,-8674.136875,0
-3.12,341.933072,1
-7.11,6287.126669,1
11.31,1055.957191,1
-6.21,2384.241039,1
,9834.645751,1
4.6,9731.736,1
-2.06,8215.891784,1
0.21,1176.153361,1
4.29,623.667689,1
-23.08,-12201.79571,0
3.27,-2480.411317,0
-3.79,-681.615839,0
17.98,-623.988008,0
-6.91,2823.018729,1
11.43,471.166107,1
-25.15,-9553.248375,0
8.15,6304.935875,1
2.76,7193.482176,1
-2.47,-3608.488323,0
-1.21,-833.897461,0
-2.61,-3486.637481,0
4.23,-7573.670133,0
-1.34,-3216.960504,0
-17.88,-9064.021472,0
-1.86,5934.194744,1
22.35,-1815.509625,0
0.47,2754.364723,1
2.91,-890.079729,0
-4.38,-1950.533272,0
1.74,-1123.144376,0
1.78,2424.378152,1
-2.61,-276.457481,0
8.63,12647.04255,1
-9.23,565.862433,1
-1.3,-2023.027,0
5.05,-2188.039875,0
-2.67,-687.455263,0
-12.24,6403.590176,1
5.58,3350.027512,1
-9.82,6501.836232,1
-4.47,-5936.853723,0
-8.28,-2525.095152,0
-1.11,797.894469,1
-4.29,-915.379489,0
-4.75,3538.500625,1
6.81,6048.507341,1
17.63,3991.528847,1
-3.58,-14028.89631,0
5.23,-4008.461433,0
-3.55,-5693.226375,0
0.99,2989.540399,1
11.28,12096.11755,1
0.5,2147.245,1
-8.16,8708.957104,1
-7.3,1658.053,1
-6.17,5769.883787,1
-0.13,1781.454703,1
8.58,4895.695112,1
-13.59,-6753.773179,0
-10.37,-2067.460753,0
-9.25,7301.419375,1
-17.49,-409.232649,0
13.26,-3864.388424,0
-0.36,5520.302944,1
19.01,13631.5758,1
-14.24,-3582.025424,0
12.94,4176.323784,1
-7.02,-3072.988008,0
-4.07,1857.065757,1
-9.89,22.140431,0
-9.5,-2263.135,0
-13.24,-2241.522624,0
2.16,-2293.786704,0
-13.14,1355.622456,1
-2.42,-2999.866088,0
-0.09,1969.127371,1
6.67,2131.949863,1
1,-3749.74,0
3.21,-1487.469739,0
5.14,2156.926344,1
-0.17,7327.973987,1
3.63,-3024.870953,0
-9.8,-1169.222,0
-7.75,-1275.431875,0
18.98,-1539.446808,0
-0.12,-396.537328,0
-7.11,3648.616669,1
13.8,7227.902,1
-1.57,-2168.144993,0
-6.46,2715.235464,1
-14.49,-3608.111749,0
7.79,2530.863239,1
-10.86,3577.125544,1
-5.39,-3145.688719,0
6.44,2937.683584,1
1.84,-8109.734896,0
-0.86,5210.933544,1
-2.14,-7463.360744,0
11.46,1772.191736,1
22.3,11091.937,1
-5.49,4440.530951,1
5.69,9298.216109,1
19.29,6674.202189,1
10.79,1524.370139,1
-6.87,-5153.145803,0
-4.31,2942.073109,1
-5.98,5016.823208,1
-9.13,5432.038403,1
-6.24,-4820.693024,0
2.62,-3899.980872,0
-5.87,4622.424897,1
8.76,5591.578976,1
1.23,-10224.36623,0
-3.97,-3813.589873,0
8.86,-10021.59394,0
3.19,-430.092141,0
2.65,1118.732125,1
10.4,3249.094,1
5.73,2573.045417,1
-1.09,3769.113071,1
9.38,602.018072,1
3.09,-7352.268271,0
29.17,27206.32811,1
10.99,5264.983399,1
11.53,-5079.010523,0
12.91,-2418.656729,0
0.8,6264.992,1
13.13,10949.8582,1
0.23,-2095.994933,0
-8.31,-7003.650091,0
-5.64,-2826.026544,0
5.28,-3829.423648,0
-15.61,-5382.799381,0
2.08,4565.215312,1
-7.28,-9855.549952,0
7.18,-9605.871368,0
-7.46,9790.800664,1
18.72,3355.185248,1
7.68,6874.937232,1
-12.69,-10895.45201,0
17.59,10233.50658,1
-2.27,-6862.514183,0
-7.27,-5056.407683,0
-10.24,-7843.424224,0
5.68,2991.822832,1
15.05,-1306.554875,0
-5.78,-4674.582152,0
-9.98,2744.878408,1
-11.4,6707.496,1
14.96,6147.443536,1
16.71,6637.978811,1
-3.48,4336.736208,1
5.38,8854.935272,1
-0.03,-793.619127,0
-0.61,-4753.694881,0
9.64,10346.88094,1
4.41,7190.134221,1
3.29,-5752.924611,0
-2.93,4191.811143,1
8.16,2751.664096,1
-2.82,-140.343368,0
0.5,-5734.995,0
2.19,-6591.670441,0
-12.01,-4077.913501,0
-2.99,-231.980799,0
-3.13,8280.252603,1
1.01,-6769.559599,0
-11.12,4199.617472,1
-11.87,-30.879303,0
16.23,8812.464267,1
11.56,12294.87802,1
8.89,-1279.342531,0
18.25,7233.243125,1
4.2,-7833.572,0
-0.91,-3219.015471,0
4.82,8428.632568,1
-18.79,4092.529661,1
-10.98,-262.272792,0
7.59,343.443579,1
0.33,2793.614837,1
-12.78,-106.658552,0
6.59,11875.97928,1
9.99,-3872.256901,0
6.68,-7828.389968,0
-0.3,-3714.167,0
-8.36,-7030.527456,0
1.08,886.286112,1
4.27,558.077383,1
-3.59,-7137.340179,0
6.03,127.937127,0
3.14,-1184.921256,0
3.33,1448.704937,1
-20.33,-10923.28104,0
10.81,-609.659459,0
17.24,4322.099024,1
-4.02,6623.735592,1
-14.77,-8552.025433,0
6.39,-2158.330781,0
-4.66,280.070904,1
-9.67,-825.492163,0
12.18,8209.114632,1
-13.83,-3733.479987,0
7.17,2308.590713,1
-12.48,-1610.704592,0
14.62,-497.102472,0
5.17,-952.882687,0
-2.57,24.340307,0
1.49,-3952.161951,0
5.82,13666.09977,1
8.3,2255.207,1
8.28,6322.341952,1
5.47,8876.908223,1
-4.77,10256.33157,1
6.64,-8662.035456,0
-13.11,-5254.551131,0
10.04,-5608.480336,0
8.73,-1381.938483,0
13.94,1222.334584,1
-5.89,-7511.464369,0
1.86,5949.444456,1
8.58,7502.615112,1
3.18,-3145.640168,0
-4.27,3794.648417,1
3.07,4709.679343,1
0.68,3781.236832,1
9.96,-5637.300464,0
-6.28,12444.37525,1
3.39,10539.91032,1
2.93,-2208.511343,0
7.57,-1514.247007,0
-0.73,-6573.436117,0
1.27,3419.111283,1
-0.71,133.476189,0
0.34,2560.524904,1
0.08,-1672.423088,0
-3.27,-5897.272883,0
28.27,18881.04618,1
-8.44,-3160.787984,0
-11.73,-457.961817,0
-7.96,-1395.756736,0
-7.1,3898.029,1
0.11,3685.943431,1
14.31,8183.542091,1
16.88,6886.577072,1
2.37,9734.148953,1
-24.98,-3984.579592,0
3.84,-2096.751296,0
-13.11,-7215.531131,0
-5.01,3804.078599,1
-11.5,1783.595,1
4.26,4303.346376,1
-6.27,-2555.268983,0
7.72,-4573.081952,0
4.77,-519.185767,0
-2.4,9138.316,1
0.81,-912.942459,0
9.17,4347.764113,1
-3.72,-2760.880448,0
9.16,-3113.089104,0
-0.19,-3708.780759,0
2.69,-10834.50879,0
7.99,-2481.497501,0
13.32,7314.218768,1
5.21,729.374861,1
0.58,-3925.928488,0
7.21,637.059461,1
-15.45,-1970.631125,0
16.39,8874.562219,1
-13.25,-5404.560625,0
9.04,858.584864,1
-5.64,1958.203456,1
5.07,5441.478743,1
-1.17,-6156.792713,0
3.04,-1048.693936,0
-8.01,-9184.962301,0
-21.61,-13574.56718,0
4.07,1785.724043,1
-6.01,8549.068299,1
-6.49,-1299.659349,0
-7.25,-1988.735625,0
19.84,3466.687504,1
-5.82,-6941.034968,0
3.27,-4054.651317,0
-11.6,2059.654,1
15.23,-6410.504433,0
-5.56,-784.816016,0
-26.01,-19999.5677,0
27.12,15643.67253,1
-10.98,73.247208,0
13.09,-1046.945271,0
7.33,-4531.118263,0
6.52,-2483.681792,0
-2.31,-7577.740291,0
1.89,-7822.876631,0
12.24,-1946.484976,0
-3.01,-5349.070801,0
2.51,4864.233351,1
9.28,733.017152,1
0.83,-5784.189313,0
-4.25,-309.093125,0
14.52,6902.267808,1
3.42,3235.128088,1
-1.25,8620.639375,1
-7.76,-4027.090976,0
-10.06,5591.695384,1
8.94,-854.139416,0
9.49,1371.920449,1
-21.71,-13574.07211,0
-6.15,-5162.785875,0
9.65,10295.29462,1
24.24,24333.13862,1
21.5,12403.495,1
9.42,5261.833288,1
13.73,3929.435017,1
-5.27,8204.039717,1
7.75,-8174.643125,0
-12.37,6574.587847,1
-5.62,-8500.149928,0
3.21,8181.840261,1
21.68,21616.37803,1
7.48,-5552.660608,0
2.74,-3484.321576,0
-1.7,257.737,0
-13.22,2220.340152,1
6.03,-10483.24287,0
-3.49,-736.998449,0
2.39,3554.814019,1
-8.89,3545.786731,1
1.21,3566.415661,1
-15.37,-5576.714253,0
5.04,-1538.314336,0
13.2,-289.272,0
9.14,13795.87154,1
21.14,5065.877144,1
3.25,1601.010625,1
5.05,-1264.719875,0
5.15,-574.416625,0
-8.8,1025.528,1
21.53,7793.726477,1
9.89,1614.023769,1
-2.43,-1960.944007,0
-9.03,3287.666573,1
5.82,-1474.430232,0
8.58,1240.815112,1
1.38,275.982472,0
1.86,9834.584456,1
-1.88,9570.739728,1
-0.03,-5931.009127,0
13.35,-1129.737125,0
14.01,-3872.425699,0
-15,-4878.87,0
1.39,-449.762281,0
-12.04,-5014.706064,0
-13.36,-657.121456,0
5.86,-2419.290344,0
-8.42,-530.291288,0
-31.53,-39879.23168,0
6.45,3698.548625,1
12.82,-2585.519832,0
20.39,6934.907419,1
-3.96,3266.142464,1
14.45,-4023.141375,0
-26.21,-12119.41496,0
-10.43,154.898393,1
5.19,1583.664459,1
4.72,-6819.177552,0
13.2,-4349.352,0
9.57,1366.992393,1
-0.82,-1566.098968,0
15.29,1202.422989,1
6.86,-250.841544,0
17.17,1194.507713,1
-8.04,-1181.386864,0
3,3000.09,1
-4.3,-4299.507,0
8.06,-3527.269784,0
-2.2,-677.638,0
-2.52,-2494.452608,0
-13.26,-2555.666376,0
3.08,253.634512,1
11.15,-7080.441625,0
10.08,9174.028912,1
-30.16,-27283.7625,0
-16.2,-3627.728,0
20.05,2345.802625,1
-1.88,-1284.260272,0
-1.49,-1648.377849,0
11.65,-3438.230375,0
1.97,-1312.213727,0
-6.33,-7742.447237,0
-2.1,11373.149,1
18.97,8527.422173,1
-13.81,-96.263241,0
13.01,3844.544001,1
-3.12,-4080.656928,0
-2.71,100.231589,0
18.63,-6674.220453,0
-6.43,-5395.932807,0
8.35,3336.595375,1
-3.63,-1219.105247,0
-14.32,-13741.73117,0
-1.66,-7348.608696,0
11.69,5964.825909,1
-1.86,-8711.065256,0
5.49,570.109249,1
1.89,-8884.086631,0
0.47,4751.164723,1
-4.17,2467.407187,1
1.32,4836.812368,1
-20.33,-9737.541037,0
-4.48,2050.275008,1
-18.04,-4595.534864,0
2.7,-6265.347,0
3.55,758.291375,1
-7.96,-3668.036736,0
8.01,-5211.957499,0
3.96,-5517.959264,0
2.94,5693.655784,1
-3.61,4302.216219,1
4.73,-1679.323283,0
10.54,-9041.702936,0
-6.6,2837.954,1
-8.17,5547.390387,1
11.89,5252.136369,1
-23.18,-13234.08903,0
-26.17,-24421.35021,0
-18.15,-5723.285875,0
1.82,-4166.659032,0
1.52,-3730.117792,0
4.97,117.324373,0
0.76,-2776.003424,0
15.37,4471.538053,1
15.76,8897.938576,1
11.59,-5644.429221,0
-11.56,-133.570816,0
3.64,2540.448144,1
-8.66,-1729.856296,0
-5.01,-9910.881401,0
-10.23,-5358.766267,0
0.11,11802.79343,1
5.44,4153.052784,1
0.79,-6035.662861,0
-11.93,-3495.311157,0
-15.26,-5558.801976,0
-7.62,72.813672,0
-7.78,1424.697448,1
7.84,4537.105904,1
-3.19,709.984341,1
-1.89,-4246.799169,0
-1.57,4506.935007,1
10.97,-2360.379427,0
16.36,7629.277056,1
4.27,9284.437383,1
-2.48,995.607408,1
14.03,-5274.811273,0
4.38,3423.602072,1
-4.21,2250.505639,1
10.11,-3884.643569,0
2.07,3504.504643,1
-14.34,-2402.388904,0
6.27,-4771.685217,0
3,1339.73,1
-18.57,-6868.514893,0
-21.51,-18682.00885,0
1.36,1512.105056,1
6.83,-7252.589113,0
6.09,2674.564629,1
-13.61,-9205.796781,0
-3.47,2708.548977,1
6.67,1238.989863,1
-15.36,-10525.00906,0
0.85,2402.136625,1
2.13,5524.670497,1
9.24,-6975.603376,0
-24.54,-18944.70106,0
1.45,-5764.538875,0
20.18,6839.162232,1
-6.21,6642.971039,1
-3.16,-34.518896,0
9.54,7532.062264,1
-7.63,-1667.688047,0
11.57,7599.691793,1
5.41,-3240.291479,0
-15.74,-5983.449624,0
1.01,-8425.009599,0
-14.59,1042.172521,1
9.53,-195.305923,0
-16.81,-7252.288141,0
-18.12,-11244.64493,0
-11.37,1386.108547,1
-8.03,840.509273,1
13.15,-2751.436625,0
-0.18,6673.136568,1
2.91,-204.069729,0
10.75,97.869375,0
-6.98,8521.012008,1
-5.78,-873.262152,0
-8.47,-1306.264523,0
7.85,-1134.570875,0
16.33,15394.71204,1
2.59,10906.70208,1
-6.23,4919.928533,1
-5.2,-1043.718,0
-11.12,-4220.742528,0
7.31,2702.193991,1
-10.63,-610.170147,0
-2.55,-7776.928875,0
-11.69,4715.526291,1
-18.99,-8676.225599,0
-25.4,-12065.334,0
-8.9,-887.809,0
2.18,-121.807368,0
-3.18,-6399.375032,0
-2.24,-4331.691824,0
-10.71,-3909.796811,0
-9.32,-542.075168,0
-10.68,821.695968,1
2.11,-1337.823969,0
20.48,5455.404992,1
-1.36,5638.804144,1
-13.69,-2324.930309,0
12.73,4813.516317,1
-9.99,1106.527101,1
5.58,-4095.862488,0
-4.43,,0
0.81,4653.927541,1
34.33,,1
-7.48,2429.421408,1
-5.87,-3390.085103,0
3.75,,1
-0.22,-7752.282248,0
-4.06,,0
-6.88,6280.033728,1
5.9,-1418.451,0
10.77,9288.116433,1
-9.52,-8909.161008,0
-11.36,-4202.733856,0
18.3,8516.847,1
-14.25,-1426.538125,0
7.15,1982.198375,1
4.39,110.816619,0
-11.03,-4126.458827,0
7.59,5755.433579,1
-11.03,-4074.578827,0
-10.9,-7033.249,0
-13.9,-2626.539,0
8.34,-11973.9707,0
-4.49,4394.131251,1
10.85,3883.501625,1
-8.1,-500.701,0
6.15,-3120.489125,0
14.07,-5620.128957,0
-0.86,-8465.926456,0
-11.25,2423.864375,1
-3.43,566.021293,1
12.57,4148.516493,1
7.39,238.605519,0
-3.86,1565.537144,1
-17.44,-12894.20518,0
7.16,3771.797296,1
16.31,6833.438691,1
16.49,9277.992549,1
4.33,826.451637,1
-1.91,-4908.749771,0
-7.86,2012.851944,1
-5.73,-6036.149617,0
-16.5,884.415,1
21.35,11927.09288,1
-0.27,-3074.696783,0
23.84,16343.0947,1
-0.74,8416.742376,1
-16.18,-8628.928632,0
18.62,15625.93033,1
-8.6,-4.546,0
-4.38,5480.456728,1
16.49,6608.242549,1
14.59,5994.483679,1
-20.26,1226.944024,1
0.01,1069.410101,1
-10.9,-1625.299,0
5.39,1446.162919,1
18.12,12188.31373,1
-5.17,-1031.779513,0
14.93,-700.084943,0
-9.29,-1554.360989,0
21.72,13864.86085,1
-8.26,-134.812376,0
-4.63,2153.724053,1
2.97,-3340.581027,0
-14.01,4341.265899,1
15.5,5969.495,1
-10.7,933.327,1
6.14,485.925144,1
-12.89,1179.151531,1
1.1,-70.619,0
-0.11,-701.199231,0
-3.88,4152.653328,1
4.89,-924.627731,0
-11.17,-1350.779713,0
15.22,-2832.742952,0
2.02,-720.157192,0
-27.91,-26927.64157,0
20.06,3844.659816,1
4.53,-2880.189423,0
15.54,13817.99106,1
-1.77,5814.837667,1
-22.63,-9044.468547,0
-4.2,1586.492,1
-12.26,4729.266424,1
-0.38,-10322.61047,0
-4.83,-5944.919687,0
2.09,-165.672571,0
-17.64,-8937.582144,0
0.54,-6412.930936,0
-4.6,-1722.336,0
6.34,3667.285704,1
-16.92,347.270512,1
-4.25,-210.163125,0
16.58,6369.408712,1
-11.81,1660.223359,1
7.38,-12026.75833,0
13.31,5815.733791,1
-0.1,-10086.551,0
9.89,2897.743769,1
10.41,4292.630021,1
15.7,7530.813,1
-3.68,-2925.313632,0
-1.12,2972.689472,1
8.04,3935.860064,1
-7.46,4668.530664,1
0.48,-7357.369008,0
-6.99,-4328.401999,0
-23.29,-10101.45319,0
3.35,-816.892125,0
17.02,8982.010808,1
-3.72,2759.419552,1
0.84,1227.618304,1
-4.53,2421.301223,1
-7.41,917.899079,1
1.36,-4212.524944,0
10.73,4051.588917,1
22.16,8671.239296,1
8.26,8650.457576,1
-9.61,4837.948419,1
-14.27,-5777.568583,0
13.07,3397.956343,1
3.17,-6876.536087,0
-6.1,529.189,1
-10.56,7188.509984,1
-8.08,611.782288,1
12.33,7130.955237,1
-0.22,6440.027752,1
-14,-1760.84,0
8.73,6662.511517,1
3.1,-773.939,0
-2.91,1458.215929,1
6.08,-7258.167888,0
-8.28,-4097.005152,0
9.64,-754.289056,0
-14.25,498.961875,0
-9.03,-5938.223427,0
-13.77,-1269.266733,0
-4.17,-7805.492813,0
-7.57,-1965.153193,0
-3.63,-3510.995247,0
0.05,8069.272625,1
5.54,-3447.136936,0
1.47,-720.732577,0
2.52,4890.933408,1
16.04,981.378464,1
-2.66,2172.204504,1
-14.58,-3475.417512,0
9.51,-3522.094549,0
18.36,2747.314656,1
1.87,4009.516103,1
8.4,-2202.116,0
-6.56,3988.033184,1
1.86,573.294456,1
6.37,-3679.848247,0
3.79,193.854039,0
-5.4,10635.976,1
16.31,5235.778691,1
1.73,-3439.829383,0
9.3,2874.047,1
4.06,-1700.752984,0
8.74,-6057.884776,0
9.33,2787.815137,1
-2.16,-4974.752096,0
8.34,7017.659304,1
21.6,16319.356,1
19.99,11902.7961,1
7.64,809.213344,1
16.87,928.426603,1
-13.08,-308.633712,0
14.72,-118.015552,0
0.75,5410.364375,1
-17.87,-11897.3435,0
1.65,7737.464625,1
9.76,514.681776,1
-6.96,-3460.541936,0
19.37,2252.250853,1
13.49,5948.031649,1
-12.75,334.500625,1
10.09,5051.721829,1
1.12,-343.180672,0
-5.52,-2819.656208,0
-3.17,855.843887,1
-4.45,-5707.888625,0
-12.16,-2301.860096,0
-4.48,-3970.904992,0
6.93,6832.047457,1
14.26,5849.954376,1
14.58,1429.680312,1
-5.73,-2537.299617,0
-1.17,5520.517287,1
-8.59,-3246.361679,0
10.3,603.557,1
-16.48,-1055.839392,0
-13.63,-5907.542247,0
-6.36,6257.630144,1
2.51,1744.963351,1
-3.21,8254.107939,1
0.33,120.394837,0
0.48,14114.63099,1
2.33,2067.068237,1
-10.34,230.308296,0
-3.39,-6536.006119,0
5.78,1893.008952,1
2.8,-6478.108,0
10.93,250.046257,0
-7.46,-1666.769336,0
9.06,5757.221016,1
14.67,1899.633463,1
-1.43,-1370.789307,0
2.66,-3413.623304,0
2.25,-1734.986875,0
5.36,-2440.779744,0
3.88,9337.215472,1
14.69,-504.539191,0
5.13,-5549.647403,0
8.65,-1954.202875,0
3.32,5675.486768,1
-10.42,-10389.02969,0
4.33,7549.091637,1
-2.3,-4596.747,0
-6.35,-5001.985375,0
-8.94,-7288.073384,0
-0.7,2328.327,1
-6.07,-3180.513643,0
20.4,9870.824,1
15.97,4732.534073,1
-2.67,-12009.01526,0
7.09,146.258929,0
11.57,3609.531793,1
-1.73,-5974.654817,0
18.48,1.812592,0
9.22,847.195848,1
-1.02,7820.689192,1
-17.99,1852.314701,1
-9.66,7941.876904,1
3.19,-4188.792141,0
-4.38,2947.856728,1
-0.21,-2261.165161,0
-7.87,3204.803497,1
2.47,-366.049877,0
-4.58,-9254.975512,0
-15.53,-559.218477,0
-3.42,-10236.02529,0
-5.72,12001.92915,1
-15.52,10430.66179,1
14.23,322.386867,0
-0.76,51.828624,0
-3.27,433.407117,1
7.5,2459.235,1
-0.83,3097.957113,1
7.67,-7743.633437,0
-14.81,-8108.071541,0
-10.37,3548.319247,1
5.45,2586.161125,1
14.92,688.613888,1
0.3,-6438.193,0
2.16,2003.133296,1
-8.23,-2553.368867,0
-0.3,5411.523,1
-7.09,5233.727271,1
-1.6,3778.134,1
7.22,2495.225448,1
-19.99,-6024.005899,0
2.13,4706.320497,1
-8.05,-3886.737625,0
-6.47,-8131.529123,0
11.38,4858.594472,1
2.95,1491.994875,1
9.34,2496.916104,1
-17.64,-5677.682144,0
-4.1,-11276.591,0
-4.54,14658.45494,1
-5.89,13634.24563,1
4.4,-1993.146,0
8.96,5094.324736,1
-11.07,-471.487143,0
-9.63,871.990553,1
-12.52,-80.824608,0
11.48,7338.734192,1
-5.15,-3261.468375,0
-1.01,3719.749799,1
-3.32,3875.418032,1
-9.64,-13059.13174,0
3.73,7692.238017,1
3.83,3809.780787,1
9.41,-1561.894279,0
-2.25,413.821875,1
-2.97,2560.992827,1
-5.86,-1353.350456,0
14.88,6439.990672,1
10.08,-8640.501088,0
-0.4,1328.236,1
6.49,5962.509549,1
-5.86,3846.019544,1
20.54,10433.42506,1
-5.92,-3783.938288,0
-3.8,650.558,1
-3.71,-5873.520711,0
17.01,6017.065201,1
1.48,-785.157808,0
10.84,4180.316304,1
-1.1,7290.989,1
-12.13,2904.946303,1
7.75,-3518.383125,0
-6.26,-4757.876776,0
-13.19,-6165.598659,0
-4.16,-4189.095696,0
6.32,-4740.971632,0
17.64,15825.42134,1
-13.87,4458.389297,1
-21.99,-12890.2765,0
9.3,1320.447,1
3,12613.03,1
-5.63,-9027.856647,0
4.18,2556.457032,1
7.29,10618.21459,1
19.12,8545.596928,1
-1.3,-2709.517,0
12.8,8677.132,1
-4.52,11563.30499,1
-5.1,-737.321,0
4.24,6449.722624,1
-11.15,-5892.683375,0
-13.02,-431.825208,0
9.63,4523.593247,1
-19.63,-9310.716447,0
1.13,-2201.800203,0
-3.25,3449.574375,1
-3.73,4527.267783,1
-13.32,-7027.013968,0
-20.36,-10701.41306,0
-6.61,2328.967319,1
-11.65,-8744.994625,0
-4.25,-4730.923125,0
0.88,2080.205872,1
-7.42,4030.837912,1
-10.73,332.716883,1
2.9,-20.001,0
-7.62,8355.383672,1
-9.6,644.764,1
-2.99,-2596.590799,0
2.85,-10221.19838,0
21.09,12951.28913,1
16.14,2489.683144,1
-12.63,-3150.581547,0
-13.24,-2402.972624,0
0.65,-4236.322875,0
5.57,2699.083593,1
-1.32,-312.287568,0
21.72,24412.77085,1
11.77,-1167.404867,0
16.4,6120.114,1
-4.18,-2634.322232,0
,3397.826627,1
-10.7,-5216.193,0
-1.14,882.318056,1
-12.58,-1016.109112,0
-6.34,1970.145496,1
,-8993.796891,0
9.44,4083.075984,1
-4.73,642.129083,1
-14.07,3608.048757,1
-4.47,-3584.023723,0
1.89,-383.306631,0
5.61,-4567.089419,0
-9.22,-4747.559048,0
6.47,3646.880923,1
13.87,5951.584503,1